829,朋友推荐的这款笔记本，真的还不错，不卡顿，运行效果极好，好东西值得推荐。
344,感觉还好吧，不是想象中的样子，有点卡
816,包裹挺好的，感谢 电脑还没用，先不做评价
87,电脑外观很不错 也很方便携带 不打游戏办公制图可以入手
656,入手就降价，坑!!!!
273,风扇声音特别大，存电性能不好
53,也是对比好几家，还是选择这家的，质量不错，外型好看，价钱实在，值得购买
132,电脑性能：挺流畅的，不会卡顿，开机也很快
841,电脑收到了，还不错哦，开机速度快，屏幕清晰。
770,电脑收到了，开心！和描述的一样，而且包装很严实，没有损伤，以后带出去就方便了！
189,暂时给个中评吧，毕竟第一次买电脑，而且我不熟悉**系统，还算流畅，客服还可以，快递给五星好评！！！！
685,不好用
502,给上大学的女儿买的，浏览网页字体颜色很淡，感觉屏幕不好。
287,触摸板不能用，驱动不正确，官方无触摸板驱动
58,明显被别人用过！键盘上有指纹印！
423,电脑很好质量不错，吃鸡神器
494,东西不错 ，想买个备用放在家里。 选的老款的版本。 老板贴了膜和键盘膜，成色真心不错。 下次继续合作
177,不咋滴
56,一直都相信tp的品质，但这次机器到手后键盘居然脱落了，而且还未激活系统机器就发热得比我旧的tp e330厉害，让我怀疑自己的人品
157,运行速度很快屏幕很清晰，视觉效果很好。打游戏一点都不卡，价格很优惠。
418,笔记本拿回来试了两天，运行挺快的，不卡，也可以玩玩小游戏，整体不错。
650,我买的低配版，不玩游戏还是可以的！不过他送的东西是真的差，贴上去全是气泡，过两天再来评价吧！
372,电脑很不错开机速度超级快 客服也很棒 很喜欢
375,电脑收到了，很好很给力，运行很流畅，电脑很薄，画面很清晰，尤其是服务太好了，值得购买
477,一个赠品没有，属实有点。。。
681,刚买完就降价了，差评
425,本本收到了，外观非常漂亮，速度非常快，超级喜欢满意。
794,买了几天就又降价，而且除了电脑什么也没有，以后还是得去实体店买
366,我唯一要说的是客服服务态度真差，差到了极点
534,晕，刚买完就降价了
869,帮家人买的，外观看起来挺不错，刚开始总的说挺不错的，希望后续也能保持那么好。
793,声音比较大
191,用了几天来确认的，电脑不错很好，也很方便，性价比很高，值得购买
509,昨天买的，今天就便宜了两百多，确实让人不爽，只能给差评了，不懂这些商家怎么搞的，有点**
570,整体性能很强.性价比很高的一款电脑
707,老公买来玩游戏的，他说速度快，满意
831,还不错，运行很快很稳定，屏幕分辨率高。价格实惠，真的非常满意。
290,电脑做工不咋的，显卡工作时噪音较大，重装了个linux系统，然后禁用独立显卡后噪音没了。
467,差评啊，竟然都没电脑包，实在不能接受。。
367,宝贝收到了，外观高大上，性能很好，上网很快
520,一般般吧
623,外观漂亮，有背光键盘，内存对于办公也够了，现在用着挺好的，期待以后有更好的体验。
608,电脑真心不错，性价比蛮高的！！！
822,差评好吧，电脑第一天拿到手，两处松动，让我去网点检测，我是服了，新买的电脑检测什么，你们和辣鸡苏宁有什么区别，太差了
352,电脑性能不错，鲁大师跑分也比较高，屏幕分辨率可以，玩游戏办公都不在话下。
871,不怎么样 不到一星期就崩盘 去代理点还要收费
523,电脑质量可以的，还像新的一样哦，内存很大，运行速度挺快的呢，真心喜欢
324,总是有杂音，
527,很好 放心买
337,电脑很好。内存超大。开机时间也短。大赞👍
615,刚买了两天就降了400，什么垃圾
320,电脑收到了，超级好用，而且不卡顿，玩游戏很流畅，尺寸也很合我意，喜欢！
88,和图片一样，画面清晰，运行速度快，玩游戏也不卡，价格不贵值得购买
19,不错，跟照片一样，好用。
664,电脑轻薄方便携带，外观时尚质量挺不错的，电脑运行速度快
386,很垃圾，打LOL极其热
142,质量不错，非常好的，整体很满意
783,看电影都发烫吗
64,电脑还不错，十分满意。
122,用了几天，看电视突然就卡机也不能强制退出程序而且还没有很热都这样了。电池寿命还可以
90,用了一个多月来评价的 一般般  不能打游戏  的话  还可以  玩lol有点卡  做表格还可以
541,第二次买了，这台笔记本跟那台差不多，运行速度很快，试了一下，打游戏都可以，买给女儿用的，平时学习学习还是挺好的，
327,物美价廉！很好用啊！不卡！质量很好！包装好！外观漂亮！推荐购买！
197,差评，严重的差评。2.15买的，才1个多月，10天左右没怎么用，今天早上突然开机就开不了了，什么方式都试了就是开不了。呵呵，无语！
75,用着很舒服，所以为什么没送个键盘膜
646,物流挺快的，价格比实体店便宜很多，包装的很好，我很满意。
699,外观精美，很薄携带方便，玩游戏一点都不卡，很喜欢！
866,宝贝收到了，和卖家说的完全吻合，喜欢，大爱，喜欢的亲们可以放心购买。
809,整体效果还不错，性价比高
109,不到一个星期、电脑老出问题。首先我只要点击小图标，输入法就自动跳，而且经常卡?真#？
820,目前使用觉得还可以得看以后怎么样了
505,窄边框的确看起来不一样，开机挺快的，键盘体验感不适特差好吧
597,非常好，物流很快
244,东西很不错，发热也没有网上说的那么严重，我没接外接键盘，没有感觉太热。不插电的情况下娱乐大师22万分
739,收到有几天了，开机很快，运行也不错的，值
176,挺好的，开机挺快！就是没有网线接口，只能接WIFI！ 然后鼠标得自己买。
292,鼠标漏发了，客服态度还超差！！！
326,超级好用！！！！！！
377,刚买上音响就坏掉了
754,宝贝用了几天，感觉还不错，挺流畅的，好评！
69,手感很好，开机速度很快
859,新机器，很好的机器，给1颗星是关注了几个月就是不降价，当天收完货隔天就降价，不爽1星
432,右下角的框解决不了、有的网页打不开，玩游戏卡、看视频中途会黑屏不知道为什么
403,除了电池待机时间短，并未发现其他不好
817,笔记本轻薄小巧，方便携带，整体配置还不错，显示屏清晰盈亮，用来办公商务绰绰有余，玩起游戏也不卡很顺畅，性价比高
322,试用了一下，系统流畅不卡顿，外观精致轻薄！
422,还不错就是用了没几天机器救出故障了。，支持**，一如既往
266,电脑颜值很高，但是安装系统重新启动半小时都不能开机
795,垃圾电脑，不值这个价。
301,收到完好，功能正常，运行很畅快，特舒服，大小合适，值得选购。
684,用了几天，挺好的，没什么问题出现！触摸板的功能很方便，可以代替鼠标了！很棒！
709,很不错，性价比很高，物流快，客服服务态度好，好评。
338,外观简约  开机速度也快  很棒的一次购物
24,暑假的首选。试用了一下一点也不卡。顺畅。
510,售后完全不理人
429,颜色挺喜欢的，放家里用着挺方便的，有工作家里也可以忙了，用起来都挺好的
211,买了一个月 总是要更新，物流挺慢的 音质一开始还行 后面不太要 总是有沙沙的声音
852,这电脑不行！给的接口转换器时灵时不灵！操作感觉一般，不好用
839,电脑轻薄，显示屏清晰，上网打游戏一点也不卡，这个价格可以啦，很满意
651,4g内存还是不够，才几天就屏幕卡死进入假死状态/呕，运行一般，低端机入手不得。
617,精致很好性价比高
103,买完9天降价700，**也不给保价。**就这样对待回头客，差评
264,我就用个表格也会卡死，急着交方案出这状况，一上午白搞
17,没买一个月降价300，还不能保价。
488,不错不错，外观精美，性能也好，，用起来也不卡很快，满意。
192,质量不错，客服人也很耐心，包装无破损。
579,很輕，外表也很高大上，唯一問題是系統只有中文簡體，想改成繁體或者英文也不行
395,电脑还行吧，就简简单单几样！
313,只能说超赞 太棒了  物超所值 买回来迫不及待就看大仙直播了
479,宝贝收到了 本本外观很新，刚刚试了下很好 舒服也快，下次有需要了在来
815,挺好的，很喜欢，就是比我想象的略重
491,产品新品声音太大，客服服务太差，找各种理由
236,笔记本收到了，非常好，速度流畅。质感很好。
810,默认好评吧
43,电脑特别好，上网也特别方便
18,很棒，外观这些超酷。爱了爱了。放心买
870,电脑收到了，系统非常流畅，外观也很好看，性价比非常高，非常喜欢
506,说实话这款电脑不好
456,鼠标发货未按时
77,电脑卡死了，反应不过来，慢，声音卡顿，吱吱吱的，这电脑不行啊
613,电脑性能不错，外观时尚好看，屏幕清晰，反应快。性价比高，值得购买。
447,电脑性能比较满意！
544,性能不错，显卡效果也很好，外观设计合理，关键是这个价格能买到这么好的宝贝，值得推荐。
343,**笔记本电脑还是不错的
336,东西怎么样售后服务不怎么样，老是敷衍了事
515,电脑很小巧，出门也方便携带，联网也比较快！
533,东西收到了，包装很好，上网速度快，打游戏一点也不卡，儿子特别喜欢，同事的儿子也很喜欢，推荐给她后立刻也买了一个！
539,电脑收到了，连尚网络打游戏不卡流畅
4,电脑性能强，玩游戏不带卡的，而且手感很好，很顺
476,宝贝收到了，看起来不错，打游戏一点也不卡，屏幕清晰
729,赠品没有了，联系客服就说没了就没了
27,显示屏感觉是用过的，卖家服务差
647,电脑性能很棒，很流畅，不卡顿，画面清晰，性价比很高。
855,真垃圾什么都没有大家以后千万不要买纯裸机流畅度严重失衡第二次开机就死机了！
200,系统流畅，挺喜欢的。
689,物流给满分， 但是电脑左上角有一个很明显的黄点，很烦，换货又很麻烦
726,这次消费是体验最最最差的一次，五月七号购买的，结果现在降价超过10%，这么快的降价幅度，根本忽略了前面购买的用户，不公平，这次消费体验非常的不悦。
165,电脑成色挺新的，开机挺快，用着还可以，看视频，上个网挺流畅的，能满足我的需求，价格实惠。
622,挺好的，主要是外观，版型都好看，价格也很便宜
740,表示是一场很不愉快的购物体验，没多久居然降价*多，电脑打开大点的表格，经常死机，很是郁闷
727,好评。超级漂亮的一款本本，店家也很棒
400,用了幾週之後來評語，不錯，我特別喜歡薄邊框，唯一可改善的是只能使用約4小時
143,电脑还可以，就是有点卡，不知道是什么原因。
28,这次在**上购买体验太差了，618保价到底，不到两天就降价，不到10天再降价，咨询客服，客服还爱理不理的
371,笔记本是不错，但是包都没有一个出去都不方便带。
68,还算比较满意玩穿越火线一点都不卡玩👍
438,电脑虽说是九成新，但是看起来很新，开机速度快，网速也还不错，画质很清晰，性价比高，携带方便，我很满意。
270,笔记本电脑收到了，之前有台台式的，现在换台笔记本试试，电脑性能很好，看着很精致，出门带起来也方便多了
194,宝贝收到了质量很好、非常实用喜欢的小伙伴赶紧下单吧
190,不是很好，用了几天之后特别卡。看个直播卡成狗?
396,电脑轻薄好携带，不卡顿，上网或打游戏很畅快，按键灵活，跟全新的也相差不了多少
133,用了一段时间才来评价的，机子还行，挺快的，用着没有大问题
861,运营很快
571,打开后登入一点也不卡，反应很快，和新的差不多
583,电脑性能很好，不卡，用起来很流畅，很满意。
82,打开网页和连接WIFI有点卡，电脑有爆音，音质很不好
227,给妈妈的礼物，作为老人学习摄影后期处理刚好用，轻巧便携，背着去上课也不会压，屏幕清晰，老人花眼也不怕，好评。
791,刚买东西 客服就不理人了 说的赠品也没有 还拉黑啊！
645,机子不错，商家服务态度很好，物流也快，两天左右就到了。
648,音效杂音太厉害，还特别的卡，分辨率画质特别烂，其他有待体验！
178,外观九成新，开机速度快，用起来很顺畅，待机时间长，很棒
845,买给弟弟的，用着挺好，价格比实体店便宜
728,不带电脑包，鼠标和鼠标垫，从自带应用商店上下载软件特别慢，非常不好的体验！
854,真是服了，在****上买电子产品，每一次宽容都是失望！鼠标在屏幕上乱动，卡，太卡，新机子啊
440,售后 不错，就是这个电脑，哎，后悔了
238,外观轻巧超薄，时尚大方，携带方便。上网速度快，不卡机
252,外观很好看，整体非常轻薄便于携带，运行也很流畅
154,电脑很好看 送的东西也很好用 客服很好❤️
278,电脑收到，包装仔细，外观时尚大气，运行流畅不卡奈，画质颜色漂亮像素饱满，待机时间很长可玩很久，价格也很亲民，很好。
813,电脑非常好，运行很流畅，相信**品质👍
167,很棒棒的一款电脑哦，自己很喜欢，是我喜欢的类型，第一次买***，超赞！物流速度也很快
604,知道买了假货，没办法。千万别买，反应太慢。以后不会买**了。
388,外放更本不管，什么幌子，别买，很烦
258,电脑已经用了几天了，运行流畅，外观设计很喜欢，性能都很ok，用着没什么问题，满意。。
508,无语，注册完了发现有划痕，什么品控啊
110,**越来越靠不住了都是假货伪劣商品
307,老公说电脑质量不错，运行很快给力，，真是一次愉快的购物，好评
504,运行速度挺快的，也不卡，给孩子用很不错，价格也比实体店优惠
496,电脑性能很好，外观简单大方，字幕清晰，下载好多软件也不卡机，非常满意。
781,帮同事买的，关键是刚买完就降价400元。换了谁都郁闷！第一次给一颗星～
370,笔记本还是不要买这种本身不是做笔记本的，价格也优惠不了多少
44,严重差评，大大差评！！！客服说给我修改地址，还是邮寄错了，气死我了，真是无语。
224,价格实惠，运行速度快。满意
323,一个字卡，啥也不说了
721,刚买第二天就无法开机
13,电脑性比价非常高，玩游戏一点也不卡，分辨率很高，价格合理，卖家服务态度好！这次购物真开心！
1,电脑已收到，这价位非常给力  客服也非常有耐心
314,运输过程中没有破损，外观精致，运行速度快，反应灵敏，屏幕清晰，很满意
254,电池续航能力极差  充满电 只能使用2到三个小时，散热也不好
792,外观很漂亮，超薄的，方便携带，性能好，速度快，非常满意
807,触控板是真难用，散热略渣，做工一般
195,电脑性价比太差，这么高的配置，我女儿说安装个正版3D软件都安装不上！商家说@了系统又不给退货了，不@系统也安装不了别的软件啊，到处都是套路！
35,非常棒
36,终于到货了外观完美， 运行很快。图像很清晰，好评
638,裸机什么都不送
846,才买到手就降价300，也是服了
410,电脑收到 整体很不错 屏幕也很高清 值得推荐
844,电脑手感好棒ヾ ^_^♪好喜欢
174,性能强，外观美观大方，比店里划算，总体很满意
840,好评，质量挺好的，满意的一次购物
688,买了以后就降价
621,非常nice
345,笨重不便携
232,发货很及时，东西很好用
778,不错，屏幕够大，看什么都清楚，很适合我
449,电脑早就收到了，特意试用了几天才来评价，买来是办公用的，感觉还不错，开机速度不错，散热效果好，满足了我的办公要求！
120,很好用 一点也不卡顿 很流畅
145,做工很棒，性能也不错，不打游戏的情况下工作使用完全足够了，配合**手机使用更完美
767,接口太紧了
774,破电脑  老是蓝屏 才用半个多月
526,客服没回应，呵呵
766,电脑外观造型时尚，速度也快，就是容易发热
625,这个掉价太厉害哈，买家伤不起
594,下载软件什么的都挺快的，但是容易发烫
392,宝贝已收到，安装好试用了一下网速特快，我非常满意
847,外观超薄好看网速很快不卡，非常满意
439,建议大家别买，电脑用没一个星期卡得要死，用了俩个星期自动关机自动黑屏。
569,电脑打个LOL六七十度很卡不推荐购买
636,外观材质：不错，整体造型好看！ 显卡效果：游戏处理画面很棒！ 电脑性能：整体流畅！很喜欢
116,電腦可以啊！杠杠滴，性價比很高，確實可以考慮一下
173,性能非常好的一款电脑，玩什么游戏都不卡，开机也就7秒
673,价钱实惠，包装精致，质量也非常好，店已关注，有需要还会光顾
481,买了以后一天一个价，我也是醉了太亏了，
564,买完之后去验机，售后站工作人员竟然告诉我机械硬盘经人为拆卸过，真是厉害
228,还可以的和图片一样的质量没事是正品，推荐给同事了
380,期待很久 终于来了 电脑整体性能都很好  画面清晰 非常棒
161,开机速度非常快，试了一下键盘等的手感也是非常好，很静音，办公用的，性价比很高！
48,外观小巧精美，超薄，运行速度很快，性价比很高
364,实话说用起来不太方便，不适应
659,电脑运行速度快，一点都不卡，画质清晰。外观很漂亮，材质很好，非常不错哦
461,下单时写的送背包和鼠标，结果都没有。电脑鲁大师跑一万五，还好。
610,颜值还好吧，不过日常软件开启和加载是真的慢，不知道这是什么原因是不是翻车了？而且过渡动画的帧率也很低，强迫症表示难受
482,物流很快，物品比较符合内心的期待
836,很好 有些问题客服小姐姐和售后小弟弟都给解答  虽然一个小瑕疵 但我就玩玩游戏不影响
221,电脑收到了！是正品！外观好看。运行速度快！
308,键盘背光不错，声音也很好
317,快递挺快，就是发货速度不敢恭维，我八号拍的十一号才给发货，等的心累，而且啥都没送，送个键盘膜的也好呀，，，不过电脑感觉还不错，这点还是要肯定的
643,外观漂亮，是正品，孩子非常喜欢，还送了包包，需要的请放心购买
835,**用着一点也不习惯，购买差不多一个月。95新。~我
203,反应好慢啊，真的不行，屏幕都出格了，关闭点都点不到
599,电脑收到了，包装很严实没问题，外观整体看起来不错，运行速度很快，实恵很满意
70,物流很快，电脑用了还可以，谢谢！
302,包装挺好，没损坏，小小的便于携带，屏幕清晰，反应灵敏，运行流畅，特别是打游戏特爽，可以好评
828,很不错！是我喜欢的大红色了！开机很快，挺轻巧的，用来办公很合适！好评，具体性能后面用用再追评。
293,电脑收到了，外包装非常完整，电脑速度非常快，内存非常大，用起来非常好用
518,打游戏杠杠的
316,太棒了，给孩子在学校用很方便
776,今天刚收到，刚刚拆开看了一下颜色和手感都不错，用了之后再来追评
693,没有想象中完美
451,收到了，物流很快，包装很完整，笔记本很漂亮，超薄的携带方便，使用流畅
25,电脑收到了，键盘很灵敏，用了玩游戏非常好
414,宝贝终于回来了！电脑是正品哦！用起来感觉不错哦！外观漂亮大气上档次
349,质量很好
434,刚买就降价200多，差评了
198,东西很好👌非常喜欢 客服很热心很细心
309,什么质量！才买了3天就开不了机了
106,想要的电脑终于收到了，刚到还没用，第一感觉很不错，感觉很有气质，用几天后再来追评。
33,没想到超薄型的竟然也很重！而且没注意到只有一年保修。想补办一个也不行了。
353,老版的接口丰富一些。公司用着投影啥的方便点。做做office够用。蛮好的
99,电脑没有损坏，我很喜欢，开机非常快，服务态度也很好，嗯嗯不错。
381,蓝屏
49,显卡效果：画质一般有点卡白，用模拟器很卡，其他还行
208,到手硬盘使用接近300次，已退。质量实在不敢恭维。
413,我很无语，新电脑有头发丝，明显二手
601,速度挺快嘞！用着也很顺畅
865,刚买不久，降价100
298,不管是外观 还是性能方面 性价比比较高  价格也便宜 好用哈哈哈
459,电脑挺好用的，价钱也实在，办公优选
128,画面流畅清晰，价格实惠，非常满意
863,电脑收到了外观很漂亮而且操作很流畅而且客服很有耐心回答我的问题  最棒的是在快递过程中没有磕碰
212,才一会就很烫
455,很好用，就是价格有点贵，性价比太低太低了
201,真的垃圾的要命，软件字体模糊，客服态度辣鸡，我说想退货，客服说已经激活了，让我**给朋友，坑人？我就醉了，我不联网开机，我知道软件字体模糊？
12,用了好多天评论，办公CAD，***根本就没法用。看着配置高，太不适用了
748,很不错呀～这个价格真心不错～物美价廉，是正品呢！办公游戏都不错呀～
760,垃圾中的战斗机，屏幕不清晰，反光，反应速度还可以，开机时间长，后悔.........
113,质量很不错，性价比高，性能强劲，外观还不错，客服服务态度很好，售后有保障。
355,超级棒
251,东西挺不错，用了一段时间才来评价的
694,质量很好，上网速度很快，一点也不卡，包装也很用心，很不错
671,宝贝收到了，非常的满意，对比了好多家，最终还是选择了他们家，果然没有让我失望
160,电脑性能：运行流畅不卡顿 显卡效果：游戏画面好 外观材质：材质不错外观很看
572,已经第二次使用显示报错收集信息重启了，才用两三天，再显示报错重启，我要退了！
521,或许是定位不同，期待**出品一些轻薄的产品。******做到了 很不错
321,说好的指纹解锁，结果找不到，生气???
411,差评差评，才买了几天就降价了！太#了～注销**号，我这多年在**也消费大十几万了。不会再在你们这消费一分钱了
50,真的好！正品，客服小哥哥人也很好
94,这款笔记本电脑真心不错。外型简单时尚。屏幕清淅。反应也快。
332,怎么总是出秒杀价，少了300+
239,非常好的电脑 比想象中的要薄 神船性价比没的说 好评
216,这款电脑整体性价比很高，性能好，玩游戏办公都可以！很值！
135,有点卡
164,质量很好！屏幕清晰！不卡顿！非常给力！满意！
763,配置很高，外观很好看，玩游戏一点都不卡，己安装，点赞
848,用了几天，还挺好用的，开机舒服快运行舒服还行，总体感觉还可以，好评。
649,为了玩游戏买的，真是一分价钱一分货，外形材质非常好，运行没话说，玩游戏非常流畅，不卡顿
750,属于自己的第一个本本轻薄这个大小很轻了携带还算方便毕竟新手问了客服好多问题都有耐心回答，开机很快，屏幕清楚，蛮划算的
363,体验极差，玩个刺激战场都要卡死
445,很满意，不卡顿反应挺快的，经济实惠很值得拥有
558,用了半个月了总是会莫名其妙的卡死，不知道是什么情况
605,除了发热 和黑过一次屏  目前没有其他问题😅
334,垃圾，玩游戏都卡
554,这个开机还是挺快的.刚到没多久，美中不足就是很烫那个出风口哪里，客服态度也是非常的好，点赞
14,电脑超级棒  特别好用
512,屏幕效果不行，暖色调
812,电脑挺好，不到两周降了四五百有点坑，还不能保价，退也退不了
507,东西不错
635,开机快，性能强大。买来用来办公刚刚好。
568,这款电脑的外观真的是爱了  简约大方 而且超薄  与描述相符 走码拿哪很方便
339,非常好，值得购买
419,给弟弟买的，他喜欢打游戏说很好用
493,物流很快，包装也比较完整。宝贝质量还可以，价格实惠，性价比超高。值得推荐。
652,很好用，反应灵敏，运行速度快
666,售后服务不咋滴，答应返回现金根本就没有下文。
394,刚签收就拆开看了，机子没有问题，开机很流畅，很喜欢很满意
626,电脑外观设计新颖，画面自然，玩游戏有身临其境的感觉，运行速度很快
478,外观大气 价格实惠 玩游戏很流畅
747,电脑性能不错，回来试了二天，不卡按键反应灵敏，很喜欢，而且价格也不贵，值得购买
280,这个笔记本，不足之处在于，开机的时候会发出滋滋的声音，其他的目前没问题
119,卡顿，秒卡顿
329,第一次在网上买电脑，一眼就看上了这款笔记本电脑，货已经收到一星期了天天都在用目前为止用起来很好非常满意。
57,电脑外形还可以，对于像我这样半夜熬夜做作业的时候来讲就是一个字，卡！！
265,羡慕已久的**笔记本终于入手了，拆开一看颜值不低，立马激活，手感也还好。准备加装1T硬盘。希望耐用点。
513,质量不错，好评
100,分辨率太低，直接低，五星差评。
860,可以，不错值得购买
315,质量真不咋滴 卡 激活退货麻烦 算了
821,感谢售后的耐心解答，掌柜还送了很实用的东西，电脑用着很流畅，以后还会光顾，
769,宝贝刚入手，感觉还不错！运行可以
772,电脑性能特别好 外观很好看 声音挺大的 键盘摸起来挺舒服的 价格也还适中挺好的
416,外观材质：材质很好 外观漂亮 非常满意 网速快 屏幕清晰
330,包装很好，质量不错，画面清晰，不卡顿，外观设计新颖
661,电脑性能很好，运行很快，外观也不错
182,试了试，运行很快，玩游戏太好了
634,目前用着还不错
602,产品还可以，卖家是真扣，服务真是被动。
498,，屏幕漏光，充电头总重368.5克，触摸屏左边高右边低有缝隙，金属面板漏电，delete键的位置右边是开关机键，看图片模糊，为啥不退货？，如果退货，那么这个世界上又多了一台二手笔记本?
125,电脑很快就收到了，包装很好很严实，电脑很漂亮，正常使用没问题，非常满意！
397,宝贝收到了，画面很清晰，运行速度很快，外观设计精美超级喜欢。
717,性能不错，外观挺漂亮的
310,电脑很好，反应速度快，字体清晰！
81,宝贝收到了，非常满意
408,发货快，没有磕碰，性价比高，值得购买
20,电脑非常快就收到了。暗夜精灵非常好看，性能还行。总的来说还是很值的。
492,小巧轻便，具体还没怎么用，后续看情况再追评。
720,买完就降价申请价格保护还不行，反应之后也不处理，反正买完之后各种不爽
516,宝贝不错非常好
806,显卡效果：画面很好很满意 看着很舒服 电脑性能：嗯嗯一点不卡 玩吃鸡很流畅 外观材质：外观很好看 超级喜欢很酷
431,本子收到啦，是**的，试了系统很流畅，家用绰绰有余，价位实惠，满意
804,真的很垃圾，刚买的电脑居然打开个应用还要重启一两次才可以，联系换货也几天没人处理！
256,只用来办公用，处理些文件，没啥太多问题
3,每次开机都是这样 客服也不给解决 无语了
249,用起来也不卡，快递也挺快的，摸着舒服，挺喜欢的
690,差是真的差，机器发出的声音好大，速度也不快
811,可以  电脑用起来很流畅 和同事一起买的两台
111,开两个直播看会卡，买了一星期掉价200元，牛！
814,真是不想说了，音质连我1千多的手机好，听一首歌没有一句话不带杂音的，戴上耳机你会让你感觉自己的耳机是不是坏了。真是一次差的购物体验。
758,开机关机很快，开PPT慢一点，其他还不错
52,质量挺好的，网速很快，外观漂亮，比实体店便宜。
737,宣传从1号开始618活动，结果活动还没结束，就降价，罔顾前期购买客户感受，差评！
137,什么包装拿来的时候就这样真心感觉不行
275,机子性能还可以，开机差不多10秒吧，总体来说在同价位的产品中性价比还是比较高的
614,非常完美哟，外形非常好看，买了大学用，希望不会后悔买它。(๑&bull;ั็&omega;&bull;็ั๑)
152,宝贝收到包装好物流快很精致玩游戏很流畅颜色正
862,差差差，卡卡，这电脑~谁倒霉
715,收到啦收到啦，包裹很严实，期待***即将带给我的卓越性能
485,感谢商家，非常满意跟想象中的一模一样！
231,外观很时尚
303,电脑成色很新，上网速度快，挺好用。
341,好卡，确定是正品吗
297,电脑性能很好，显卡效果满意！
762,没有其他任何东西就一个电脑，连个电脑包跟鼠标都不给配的，体验极差
819,客服很好很耐心，分盘什么的都远程指导。电脑也很棒
641,别买 跟买彩票一样 价格忽上忽下 风扇声音也大
186,电脑质量很好，开机速度快
348,东西非常不错，很有质感，物流很快，第二天就到了，新机子使用的飞快
764,电脑价格便宜 普通看看电影什么没什么问题 颜色也好看  希望耐用一点  售后有保障就行。
590,性价比可以，暂时没发现什么不好的，办公够了
7,电脑性能：很满意连上网络不卡顿，比较好。速度还快 显卡效果：显示效果也很不错，才500多哎。 其他特色：送了小礼品，哈哈。
305,电脑还行，就是预装的win10系统恶心些，还有价格浮动太大，让人不太舒服。
8,不怎么好，打lol都卡
331,后悔买这个，系统太不好用了，下个软件破烦
261,笔记本外形美观精致，开机速度快，反应灵敏，运行流畅，一点都不卡，非常满意！
755,宝贝收到了，外观漂亮，屏显清晰，运行快，噪音小，质量不错，好评。
262,安装给CAD都不得，不怎么满意。
206,笔记本质量可靠，运行速度很快，外观完好，价格实惠
304,质量非常的好，运行速度很快，这个价格很划算。
731,感觉像是翻新的，才用一个月就卡。边边还脱皮了。**太无语了
153,电脑运行挺快的，一点也不卡，画面清晰，大小非常喜欢超溥携带方便，十分满意。
842,不错不错，物有所值9成新，希望用久点哦。可以的
557,一般
639,质量太差
452,电脑用了几天才来评价，确实不错，存储空间大，清晰度高，运行速度很快，不卡顿，价格合理，老板服务态度很好，发货速度快
15,物流快，办公很好！很喜欢
146,手感很好，外型也漂亮，轻巧便于携带。物流速度快，必须赞一下。
687,还行吧
140,25号下单买的，31号就降价了5百，现在**是不是不能保价了？心里很不爽
511,性价比挺高的产品，运转正常，画面流畅，使用起来，灰常的得心应手^_^
468,电脑到货了速度快颜色挺正外观挺漂亮非常满意
749,好好好
472,买回来一个多月，今天两次开机黑屏，找客服理都不理，干得漂亮！
241,感觉不太像新版的，用了一个星期是wps居然是卡的，失望。不建议购买
620,一星都不想给，真的坑，买来一个月毛病各种多
220,今天刚收到机器，开机试了一下很快，7秒左右显卡CPU都不错，值得入手。
578,外观漂亮是自己喜欢的，质量很好，反应速度快，一点也不卡，非常满意好评
672,本子底部发烫严重，用着真揪心
786,外观还行，散热一般比较容易发烫，用了一段时间发现屏幕上面有白色的东西残留
126,朋友推荐的，效果不错。特别害怕运输途中磕碰弄坏了，开机运行打天下3完美运行&hellip;&hellip;没毛病
867,非常满意，真的很喜欢，完全超出期望值。
497,外观材质：挺好 电脑性能：不错
202,电脑很好用，外观大气，运行速度快，超值
39,电脑性能：开机速度快 外观材质：九成吧，还行。这个价格值
373,一买就降价，差评
172,外观设计漂亮，流畅不卡
785,速度快，性能好，推荐买他家，比较好
657,物流很快，活动期间买的真的很实惠哦，一次买三台，客服服务好
350,买了两天不够，又降价，必须差评！
618,宝贝满足我的期待很满意下次还来光顾本店
759,建议**不要再卖这款机器了，问题特别大，首先主板坏的概率大，其次屏幕花屏，遇到好几个这样的问题，售后处理的无语，会影响********的整体口碑
351,电脑收到了，包装很严实，外观精致，用起来一点也不卡很好用。
213,包装的很严实，质量还可以，也挺方便携带
426,键盘右下角位置松动，按下有异响，非常不满意的一次购物，因为急着用没退货，后悔了，将就着用吧
107,电脑已收到  很好看
716,电脑已收到，性能很好，又薄，运行很快，满分
734,好用，速度快，画面清晰，不刺眼，大小也正合适买对了
29,笔记本收到了 不错 很好 速度也很快 不卡
474,电脑不错，款式轻巧也耐看，吃鸡运行起来完全没问题，客服也很耐心，给客服点赞👍
362,很好 肥肠棒
281,外观材质：好，满意 显卡效果：画面也爽
96,电脑性能不错，玩游戏很流畅，外观漂亮大气，价格更是美丽，很满意！
250,桌面新建文件建不了，其它还可以&hellip;&hellip;
524,电脑还在使用中，不玩游戏，感觉运行很流畅，等使用一段时间再来评价。
223,挺好的！运行速度不错，玩游戏画面质感都很好，很满意！
40,外观材质：宝贝已经收到了，精美的外观，超级薄的镜面，网速快使用起来得心应手。质量真的好、价格实惠很满意的一次购物！
573,电脑好用，买来就是打游戏的，然后一到手就测了分数，比较高的，还是，然后价格也合适。好评。
405,我已经收到发货速度很快，包装的很好，非常的满意。
593,产品没问题，送货慢的要死，白白等了一天，而且说好提前交定金便宜两百，结果双十一那天直接就便宜二百，之前是耍人玩吗？
543,好用经济实惠，比实体店便宜很多，功能很强大，值得购买。包装完好，物流也很快
712,收到宝贝了，款式很好看，电脑配置高，价格实惠，物流也快，给好评！
159,运行速度还可以，打游戏没问题，屏幕也挺清晰的，这个价格性价比挺高的
730,质量很好，运行速度很快，很流畅，满意
163,破电脑，卡的要死
443,可以。
102,我喜欢的电脑已收到，外观很大方，运行速度也快，价格还不贵。满意
134,Mac系统非常流畅 也是我买这个的主要原因和win不一样，犹如手机一样顺滑很喜欢
131,电脑已收到了，颜色好看，运速超快，打游戏一点都不卡，屏幕清晰，这个价格买到这么好的货，真的是非常值，满意
701,只一个纸箱包裹，电脑用着还不错，就是**差评，价格乱跳，一天一个价
150,**质量不怎么样，用了一个月左右居然就坏了
340,包装的仔细，价格便宜，发货快，满意
387,这么相信**，最差的一次**购物体验。不想多说了
466,运行不错，很好
499,别买了，不好，自我感觉，不怎么样！性能挺差的，~都接收不了文件，打不开文件，真烦人！
682,收货几天后，**电话骚扰，推销售后延时服务，打扰他人工作
779,笔记本电脑收到了，美观大方，很好用，使用很顺畅，满意
589,电脑收到了，外观很漂亮，玩游戏一点不卡，出门携带方便，价格实惠，性价比高，值得够买。
818,很满意 电脑还不错 很喜欢 又很多小功能
6,外观好看，画面清晰，上网网速快
269,显示不明显不怎么好
193,质量好，包装严实，画面清晰
542,电脑收到啦，包装严实，一收到就开机了，反应很快，无论是玩游戏还是看电视都不卡，满意
237,电脑收到了，性价比很高，学生用足够了
745,卡
441,电脑收到了 包装完好无破损 外观精致 不卡顿 满意 ✌开心😁
73,虽然价格降低了不少，可是看到实物后真有点后悔，这个屏幕的分辨率实在惨不忍睹，对分辨率要求高的建议不要去买。
38,还挺满意的，这么实惠的价格能买到这样的，没有失望。还有赠品，谢谢卖家。
210,这个价位的笔记本电脑也就这样了，用起来感觉很一般，声音也挺大的，如果经济能力强就买更贵一些的吧，不要贪图便宜，便宜没好货
487,电脑很好用，反应快，价格便宜，值的下手
696,不错暂时没啥问题，准备自己再加根内存条
32,做活动的时候*买的，结果才过了一个礼拜又降价，#的商家！！！
775,不给保价
595,宝贝不错
129,还可以的吧，满意，需要再来了
393,**吧，机子刚拿来就发现屏幕有坏点...机子的感觉还是很不错的，比较喜欢
805,宝贝外观设计很简约很好看，电脑运行也十分流畅，物流也很快
379,其他特色：包装安全 外观材质：颜色很满意 显卡效果：画面清晰 电脑性能：软件流畅，运行正常，目前不卡顿
826,收货5天了，包装好几层，精美严实。特意玩了几天，很不错的游戏本，高颜值，高性能，不说了，必须全5星
553,好看！！！流畅！美丽！手感好的一批！安装很方便
528,买回来，不玩放那放着都好烫，怎么回事，有老铁懂吗？
532,性能稳定，上网不卡顿，画面清晰度高，外观时尚大方，儿子的首选
247,好机子就是好，用起来没的说，快到特爽。
665,电脑挺不错的  客服服务态度也很好
259,电脑很好，电池很耐用，打游戏的话对于我还是满足了。非常棒啊。
773,鼠标触摸盘感觉松，滑动鼠标有滴答滴答声，其他还行
199,这...买了没多久就降价了100多?这...我心塞。。。质量一般，出了问题我会追加评论的
127,电脑没用几天就蓝屏重启，就装了浏览器和wegame两个游戏
234,超薄的出门带着特别方便，外观小巧好看，电脑也不卡，很不错的一款
711,整体来说功能不错哈，**系统好用
61,东西收到，材质结实，轻薄携带方便。而且运行速度非常快，我打游戏都不卡。很喜欢。
798,超级完美的一次购物，性价比高，游戏不卡不顿，外观也特别好看，非常推荐大家购买
824,入手需要谨慎，~已经有4999的了，5299买几天就降了300
692,运行速度很快，特别的流畅，外观好看。
556,趁着降价两百赶快下手了，真的很漂亮轻便，可以满足平常办公需求
702,一切OK，LOL走一走
500,一般
751,收到了很满意，电脑运行很流畅不会卡网，各方面性能都很好，价格实惠买得很划算。
361,刚买来的 电越充越少 客服高冷
490,电脑性能：很好 显卡效果：清晰
663,宝贝很好  性价比高
563,电脑容量小，电脑超级烂建议大家不要买，不要上当受骗
374,用了几天电脑不卡机，玩游戏也很流畅，显卡不卡。外观颜色也好看，谢谢老板😊😊😊
802,蓝屏，不多说，一天好几次，让客服在处理了
279,买早了，上个月刚买的电脑，这个月降价700，有点亏。屏幕边框有点宽，而且会微弱触电，其他暂时看不出来。
230,好用，性价比国产最高
89,小本收到啦感觉很惊艳，快递也不错直接到家门口，不懂的地方问客服，客服也很耐心教导。
537,一如既往，**质量不错。我一直都用**系列的，一开始买的是优雅，十年前的事了。
788,电脑非常好，性价比超值
501,刚买没多久就降价，郁闷
797,到了两天了，用起来不错，很棒！
633,小巧玲珑，携带方便。内存强大，运行快，按键灵活，不卡顿。
166,刚买隔一天你就降价，这样做不合适吧，#。给97分吧，毕竟3分归元气。
784,第一次上船，感觉还是不错的
333,用***的朋友趁早别考虑了，卡到你烦躁！
430,还可以吧，用着速度还行。
799,电脑特别好用，画面清晰度也很好，这个价格特别值
686,发货快，电脑品质很好，超薄的设计方便携带运行超快最喜欢这款电脑的外形设计。
787,很漂亮！是我喜欢的款式！开机显示很快！打西游习看效果了！走！
473,电脑很慢，超过7天了就不能退换，还不如~，几天时间就降价400到3799，气死了?
710,刚买就降价，不太开心，，就这样吧
470,宝贝收到了。质量很好。很满意
428,电脑性能：不流畅，但是不算卡
267,用了网速很快做工精细实物和图片上描述的一样质量很好外观材质不错颜色没色差物美，价廉很满意
630,电脑挺不错的用来办公或者看电影玩点游戏都挺好的，也送了不少东西物流也很快第二天就收到了！
187,送了个鼠标，用一个月就坏了。。。我也是醉了！
91,东西不错跟全新的差不多用起来速度也很快
105,宝贝收到了，包装仔细完好无损，电脑反应灵敏，运行起来速度非常快，内存大，手感好，非常满意，价格也亲民，谢谢客服！
743,电脑性能很好，运行很流畅，画面质感清晰，外观很高档。
706,电脑价格实惠，速度快，下次还来
233,看着还不错吧，先好评吧
548,别的我不说，降价快到我心寒。太坑。
47,外观材质：挺好
457,电脑是很漂亮。很好看。但是电池超级不耐用的。充满电。用大概一小时。就关机了。电池容量超级不好
667,我孩子说挺好的
868,摸起来手感非常好，显屏效果非常不错，运行速度很快。推进大家购买
724,收到电脑了 试用了一下 很ok 比较流畅 而且看起来质量也不错
214,宝贝已收到，试了很流畅，小孩很喜欢，价廉物美，超值购买，大力推荐下！
257,个人觉得性价比极差吧，我买的时候是4999，一天不够降价300还好关注一下价格申请了保护
205,**售后真的是让人无语，8月27到今天9月4号了都没人处理
26,配置可以，对得起2999元，外壳较簿而且廉价感十足！
796,显卡效果：效果不错 电脑性能：流畅到爆炸 性价比超高
624,没有鼠标，没有贴膜，包装贼差，**这么抠的？？
552,刚买一天就降价，差评，不厚道
735,用了几天，外壳一直有静电
789,非常好，服务态度也好，很满意购物！
637,貌似是二手的
31,用了几天感觉还不错，反应快存储空间挺大的这个价格不贵。
41,买了东西，问了问题都不回答。
642,不好用，微信开视频开着别人就听不到说什么么，烂货
547,一点东西都没有送的，感觉太不划算，最起码可以配个鼠标吧
342,总体来说还不错啦
412,画质清晰  不卡顿  而且超薄款型超级好看  超级喜欢  价格和配置眼前一亮值得购买
577,很一般吧，风扇声音和扬声器不好，鸡肋产品。
744,还不知道好不好用，但是包装真的是差
80,电脑已收到使用，外观较新，办公游戏不卡使用感满意
670,性能好 外观还比较满意的 质量还算是不错的 没有什么色差的呢
156,有点厚，服务死气沉沉的，购物体验不好！
559,好看，谢谢老板
147,收到了，电脑的性能不错。运行速度很快。外观材质也特别的好。
207,nice🤝
765,还可以，不错，物有所值
680,差评 刚买就降价，太不靠谱，还不让申请价格保护
733,很好，颜值很高，物流也很快，客服威震天态度和效率都不错。正在尝试玩游戏如何
658,电脑收到了，目前没有发现问题，客服态度非常好，服务很有耐心，用一段时间，再追加评论
10,轻薄，显示器稍觉得淡，速度正常。好评。
644,刚买就降价
607,质量不错，运行速度很快，外观精致，玩游戏不卡
114,这个电脑很好，外观设计好看霸气。电脑性能也非常好好，运行流畅，一点都不卡，而且显示非常高清，很棒
85,打个LOL都卡，还不如我3年前买的电脑？！
162,很实惠，很轻，速度很快，下次买个送别人
402,外观材质：挺漂亮的
385,外观材质：外观美观 电脑性能：电脑运行流畅，办公和普通游戏没有压力
801,电脑收到了配套很齐全，画面很清晰，玩游戏一点都不卡，适合女生用的超薄电脑，非常满意非常喜欢
454,外观精致，手感细腻，开机速度快，运行流畅，玩游戏不卡顿，屏幕清晰，非常满意
263,亲，宝贝儿已收到，电脑外观不错轻薄好看，平面很清晰，用起来很流畅的，给老公买的，他很满意的，
683,。。。。没话说 刚刚买回来不到两个月就开始出现卡顿 死机外行就是外行 做功就是不行
780,电脑质量不错，网速快，下载东西不卡顿，颜色也大气，屏幕分辨率也清晰，很喜欢
849,产品收到了，画面清晰，网速很看，不卡顿，外观材质也很好，很满意
424,外观材质：金属机身，完美！ 电脑性能：运行流畅非常好！
376,几个意思，昨天到的今天开机就卡，输入开机密码的地儿都弹不出来
72,东西不错，但是购物体验很差，刚买就又降价100，太@了
421,还不错 目前没问题
274,没有声音，已换货
616,物流慢，客服不作为，问什么，都是叫我自己看，，，，，，，，，，，，，，，，，，，，体验感差，系统不好用，
603,整体用下来感觉还行，就是风扇声音太大，还有系统经常更新
632,买了就降200，认真的嘛
391,笔记本质量很好的，外观也好看，内存挺大，运行流畅，值得购买。
530,开机快，运行流畅，性价比高，总体很好，很愉快的一次购物
51,物流很快，一天就收到了
612,建议大家不用买，看电视笔记本都烫的很，非常差劲👎
398,玩2小时游戏总是延迟和卡
536,电脑反应速度很快，显示屏色彩艳丽不晃眼，一般家用都可以，玩大型游戏也没有影响，一点也不卡顿！
864,宝贝收到了，很不错，物超所值。
560,目前看还行，就是客服态度是真差，
653,还行的，挺好的
427,迷你型的，携带方便，性能稳定，屏幕蛮清晰，性价比很高，值得拥有。
565,运行稳定，视频也比较流畅清晰，挺好用的
9,电脑挺薄的，性能也ok，开机快，值得购买
21,午觉睡了一小时醒来还没开好机。。。。。
175,好漂亮啊
286,外观好看超薄型的方便携带，开机试玩了一下蛮好的，系统流畅好评
222,外观材质：不错
171,用了十多天就死机了一次，而且是非常难搞的死机
575,电脑很好 带游戏还是有点吃力哈
108,保修期只有一年，就办公用而已，平时很少用，电池耐用度一般，重量有点偏重
803,电脑两天就到了，店家服务非常好，我啰嗦了好几天客服都非常耐心的给我解答。回来儿子用了非常满意，能满足他学习和娱乐的需求。
240,电脑用了一天了，感觉太棒了，办公上网特别666。电脑的外观也特别简洁时尚！！！买的太值了！！！
808,有一个U盘插口无法使用。
736,运行速度有点小卡，基本能说得过去，对不起这价格和这品牌。价格能说变就变，还特意弄了个PLUS，哎，坑坑坑坑。
567,宝贝收到了，刚收到就装上玩了速度快，一点不卡，外观精致，很喜欢
584,笔记本电脑已收到 屏幕跟清楚 外观漂亮 值得购买 没下单的可以放心购买
84,发货快，服务好，电脑用了很长一段时间才来评价的，很实用，不卡，很满意的一次购物
771,电脑外观很漂亮，用了几天没感觉什么不好的！
580,用了一段时间才来评价，之前都挺好的，不知道为什么突然出现了这种问题，和死机一样的。
253,才买一个月不到，指纹解锁就失灵，现在进不了系统，唉，也就这样，劝大家入手谨慎吧
121,裸机，啥都没有，买到后的第二天降价300，我都无语了。还不知道具体怎样，要用段时间。网上评论不怎么好。
606,宝贝收到了 很不错，很满意！
857,机子很好 外观也很好看的 是正品 值得信赖哦 以后买就买这一家了 东西是真的很好呀欢迎其他人都来买呢
627,宝贝收到了，运行速度很快，外形是我满意的，吃鸡妥妥的绝对没问题。
723,性能稳定！运行速度快，外观时尚！面板高大上！放在办公室觉得抢眼！
346,还可以哟，电用的比较快
60,运行速度很流畅，办公绝对没问题。
296,千万不要买，谁买谁后悔，一个连office办公软件都不是免费的电脑。呵呵。大写的差评，再也不在**家买东西了。
71,接口有问题，返场30天。
611,性能强，运行速度很快，一点都不卡，包装严实，完好无损。值得购买
660,很恶心的机器人回复
328,运行速度挺块的，外观很还新，好评！
260,很好的哟，用了一段时间才来评论的，一点都不卡顿，很好用
790,电脑性能很好，操作很流畅，没有明显的瑕疵。
531,价格实惠，包装很严密，用着很顺畅，好评
384,电脑运行速度很快，外观精致，材质很好，非常满意。
538,cpu温度高，刚开机就有将近70度
591,经常性的卡死，一点也不好用。
282,电脑真的好卡，希望大家不要买，买个视频都卡都还没到一个月呢！就这样了
358,喇叭不太好，老是有电流沙沙的声音。不知道什么原因
853,电脑性能：很流畅，不卡 显卡效果：很清晰，特别好 还会介绍盆友买的
22,新电脑买了不到十天充不了电了，你们的品质我也是真的服了！
463,收到货了，电脑性能用着很好，外观也很喜欢，用着一点也不卡，物流发货速度也很快！
489,平时上班用，方便携带，无卡顿
574,👍好的一批
272,电脑确实不错。就是有点坑入手价格。现在活动3-9-9-9 送  鼠标  背包。。。。。。。。
453,就目前来看，还是不错的不知道玩游戏大作如何  下次看看吧
522,非常好用，颜色也是喜欢的颜色，送了一堆实用的礼物
406,还行，相比较其他品牌，性价比是很高的，一直在买，只是价格乱七八糟，乱搞，品牌在心中打折了
295,重点是买了一个礼拜就有其他活动，还不支持保价，电脑目前没有怎么用，小广告比较多
596,不错，送货快，服务好，没有破损，电脑运行很快，至于后续，用过一段时间才知道哈
325,不好看，不好用，笨重粗糙，慎购
5,屏显真的差劲，都不想用了
517,电脑包装严密，运行效果好，不卡顿，轻便好用，喜欢。
761,电脑很好用，非常的喜欢，打游戏看电影一点都不卡，还是双系统哦！棒棒的！
149,很不错，跟新的没什么分别，反应很快也不卡顿，真心很满意
383,我只想提醒大家还是不要在网上买，买来什么都没有，连包都没有，常用的软件都没安装，发票也没有，联系客服也不理，十万个差评。
450,价格实惠 电脑不错 客服也很热情 值得购买
179,很轻薄速度也很快！发货速度也快！
136,很好用，就是我想要的好的。
389,只有裸机，说好的赠品没有。问了半天客服，也没说给不给。
722,总体很满意的，
675,电脑很好，也不卡，值得信赖，很好用，还会再来买的
640,物流很快，发过来包装完好没有磕碰。客服小姐姐很有耐心解答问题
347,其他特色：很酷 外观材质：材质好，外观很漂亮 显卡效果：画面效果不错 电脑性能：运行流畅，速度快
446,好用价格还挺实惠的，特别好看
825,很不安的一款平板，质量好价格实惠，屏幕清晰度非常不错，值得购买
181,宝贝收到，质量好，网数快，屏幕清晰，有朋友需要会介绍到本家
495,太恶心了，货是没问题。物流太慢，客服也太敷衍。
838,终于拿到了等好久了，还好东西好，速度很快满意
360,很好用，反应挺快，无卡顿现象，满意👍
741,其他挺好，就是字体显示有点模糊
229,电脑收到了，质量杠杠的好，安装起来很方便，一点也复杂，使用起来特别棒，很满意
285,只有一个盘，还要我自己去多装盘，差评
248,电脑我很满意很不错。玩游戏一点也不卡顿操作流畅款式也很好看。薄款的携带也方便。我很喜欢性价比挺高的买的值
655,刚买的电脑就有坏点和形变。已报修。
407,非常好，老公喜欢，一点不卡，质量杠杠的，值得拥有。
76,用了几天，发现散热太差了，我就写个xmind文档，还是在空调房里面，CPU长期80℃，卡得受不了
514,电脑已经收到，不错反应快好操作，值得购买。
725,马马虎虎，散热不咋地，CPU温度太高，随便打开一个程序CPU温度就达到九十多度
561,一般般吧，只用来看文献也卡，有时候还会闪退，我6年前的旧电脑都不会闪退，打开了好几个全没了
62,期待已久的宝贝收到了，精致的外观 ，电脑性能很好，用起来网速非常流畅，非常满意的一次网购。
139,好评，除了键盘热点没什么问题，带个机械键盘简直完美。
401,差评，耳塞和包包，键盘鼠标什么都没有，就一个充电器，太差了
312,物流快，服务周到！
169,非常高端的宝贝，精致，开机速度非常快，客服服务耐心，已经分好了盘，基本软件安装成功，
677,使用中，感觉外壳有点软，键盘位置的壳薄
830,我个人觉得这台电脑最好不要下游戏，因为它的通风系统设在底板下面真的不好散热。
318,一般般，不是金属呢而是塑料的，不好看，键盘也不会发光
464,买了十四天就降价了，不开心。没
226,宝贝已经收到，外型很酷，一直是我想要的！物流也快。
586,垃圾电脑，卡死了，靠老死机，真受不了
519,才刚收货激活就发现立刻降价200元，而且还有背包等东西送，这太让人不爽了，能退货吗？
354,宝贝收到，特地用了几天才来评价，外观大气，速度很快，物流也很及时，另外还赠送了比较实用的随机物品，很满意！
118,非常帅气，很喜欢，性能也很不错，值得入手的一款笔记本
668,电脑到手了 速度非常流畅 画质也很清晰 客服服务态度很棒 非常满意 棒棒的 谢谢客服怎么有耐心的给我解释！
713,玩游戏一点都不卡，满意。
587,电脑性能不错，外观漂亮很喜欢，玩游戏杠杠的。
319,做工粗糙，到处都是缝，电池耗电量快，打开文档有时会闪退，看视频也会闪退
311,宝贝收到了物流很快，质量很好很轻薄携带方便这个价格值得购买
23,还不错
420,质量非常好，与卖家描述的完全一致，非常满意 真的很喜欢，完全超出期值，发货速度很快 很满意的一次购物
435,电脑已收到，质量很好，款式好看，材质环保，做工精致，运行速度快。
662,真郁闷 尽然还有这问题 摄像头位置都能安装偏
243,他吗5000块拿去喂狗了，买来一个月机都开不了，摁了十几次开机键成功打开一次还卡成狗，开机10分钟自动关机，#
415,电脑很好，物美价廉，是可以一入的产品，性价比不错，内存也足够用，运行十分流畅，这个价位买真的很合适了，好用！
566,双十一买的电脑，现在到，现在每一单物流都不正常
856,背面板很薄，塑料感很强，但开机挺快的，继续使用看看吧
851,运行速度很快玩游戏一点都不卡，显示清晰，音质不错，外观时尚大气！
204,同型号配置的价格比*将近*，还没有赠品。不开心
93,很不错，体验后续追加评价
357,处理器很快，性价比很高，很满意
59,外观很漂亮，还没用，用了再追评。
529,开机速度很快，重量相比于之前的电脑轻了不下一半，玩游戏的质量和速度都不差，散热快。
550,电脑速度很快，目测玩游戏也会很流畅，非常的好
92,宝贝是原厂的，物美廉价，五星！
409,卡的关机，都关不了，什么情况？坑，真坑
55,很棒哦***真不错，妥妥好评！
170,非常nice值得拥有
215,啥玩意都没送鼠标鼠标垫电脑包都没有  啧啧啧啧
184,就一个差评，第一次机子有问题。换机之后内存条跟显示器都不一样了
703,电脑不好用，客服没信用，之前讲好带发票，电脑到后连张收锯都没有
399,太垃圾了  十分的烫 风扇声音大 什么都软件都没打开 都嗡嗡的响 还热 网络有时还无法使用
433,还不错，很轻薄，随身携带办公用很方便
255,**电脑的老用户了，性价比高，喜欢。
66,电脑收到了，意想不到的惊喜，特别满意，好评。
83,收到就是坏的！！！！！开不了机，服务态度还可以
585,笔记本电脑没质量问题，就是价格@，五一优惠下单买的，标价6000多，优惠后5299元。节后正常价格标的就是5299。
124,电脑收到了，比我想象的要好，外观轻薄，很轻巧还便于携带，内存大，画面超清晰，玩游戏很爽，一点都不卡顿。
631,收到迫不及待赶紧试用，外观设计好看，轻便小巧拿起来很方便，屏幕清晰，玩起游戏也不卡，物超所值特别满意
654,差评  散热风扇的声音是真的刺耳  指纹处有明显撬过的痕迹  买了不到十天掉价600多  真不如买**的  自己考虑吧
757,电脑外观小巧精致，图像清晰，网速流畅，好评！
268,现在买电脑没有鼠标和电脑包，我也是没谁了，也不提前告知，差评！
104,无法开机，买了不到一个月
2,才用了不到一周就开不了机了，耽误事啊
188,笔记本电脑质量好，价格实惠，网速快，携带方便，满意好评。
42,外观材质：材质很好  满意质量不错  画面清晰  流畅整体效果好
67,没用几天，转动转轴就开始闪屏，??
168,电脑收到了，很不错外观好看精致，打游戏速度挺快一点也不卡
833,吃鸡极致画质完没运行，就是风扇声音很大
101,电脑性能：电脑运行很快，打游戏一点也不卡！ 外观材质：质量很好，外观很薄，很喜欢这样的，随身带着的！
719,质量可以，性价比高，用着很流畅不卡顿
609,不是很懂电脑，开机还挺快的。一般的办公还可以吧？就是刚刚收的时候才用几天就突然间就蓝屏了，然后客服又很快的给换了一台，现在还没发现问题。
16,风扇声音太大了，跟我7年的老机子一个样，因为激活了，所以退不了
458,客服不及时  ，保价没有及时回复
417,风扇声音太大了，新机一开机就这样，太#了。差评里很多都反映这个问题，难道这个型号都有这个问题。要求退货啊
300,电脑收到了使用了很好用颜色正键盘鼠标都很顺滑反应快很喜欢
